name,scores,mean_score
2022_09_12_12:45:52,"[0.6762989386344649, 0.7174484506721349, 0.6451646546527303]",0.6796373479864434
2022_09_12_16:53:46,"[0.7252344877344877, 0.6287797500379737, 0.6658634482750437]",0.6732925620158351
2022_09_12_18:59:10,"[0.658525308299157, 0.6375331528394851, 0.6257034780369484]",0.6405873130585301
