name,scores,mean_score
2022_09_08_20:33:39,"[0.5695994246981089, 0.5217839520676693, 0.559659417245766]",0.550347598003848
2022_09_08_20:48:38,"[0.5695994246981089, 0.5217839520676693, 0.559659417245766]",0.550347598003848
